ADM1_NAME,ADM1_PCODE,ADM2_NAME,ADM2_PCODE,YEAR,F_TL,M_TL,T_TL,F_00_04,F_05_09,F_10_14,F_15_19,F_20_24,F_25_29,F_30_34,F_35_39,F_40_44,F_45_49,F_50_54,F_55_59,F_60_64,F_65_69,F_70_74,F_75_79,F_80PLUS,M_00_04,M_05_09,M_10_14,M_15_19,M_20_24,M_25_29,M_30_34,M_35_39,M_40_44,M_45_49,M_50_54,M_55_59,M_60_64,M_65_69,M_70_74,M_75_79,M_80PLUS,T_00_04,T_05_09,T_10_14,T_15_19,T_20_24,T_25_29,T_30_34,T_35_39,T_40_44,T_45_49,T_50_54,T_55_59,T_60_64,T_65_69,T_70_74,T_75_79,T_80PLUS,DistictCodes
EASTERN CAPE,ZA2,ALFRED NZO,ZA244,2020.0,427495.0,360740.0,788235.0,48389.0,55031.0,56645.0,47099.0,30012.0,25702.0,26307.0,23289.0,18307.0,15993.0,15650.0,14457.0,14550.0,12311.0,9782.0,7728.0,6243.0,48961.0,55710.0,56723.0,47178.0,26437.0,19728.0,19336.0,16238.0,12009.0,10646.0,10214.0,9119.0,9284.0,7225.0,5380.0,3778.0,2774.0,97350.0,110741.0,113368.0,94277.0,56449.0,45430.0,45643.0,39527.0,30316.0,26639.0,25864.0,23576.0,23834.0,19536.0,15162.0,11506.0,9017.0,DC44
KWAZULU-NATAL,ZA5,AMAJUBA,ZA525,2020.0,261190.0,241541.0,502731.0,25994.0,28901.0,28312.0,25265.0,21745.0,21374.0,21426.0,17010.0,13016.0,11204.0,10711.0,10298.0,9223.0,6672.0,4871.0,2958.0,2210.0,25550.0,29104.0,28611.0,25828.0,21061.0,19388.0,19612.0,16901.0,12105.0,9621.0,8392.0,8043.0,6665.0,4776.0,3023.0,1645.0,1216.0,51544.0,58005.0,56923.0,51093.0,42806.0,40762.0,41038.0,33911.0,25121.0,20825.0,19103.0,18341.0,15888.0,11448.0,7894.0,4603.0,3426.0,DC25
EASTERN CAPE,ZA2,AMATHOLE,ZA212,2020.0,415124.0,374602.0,789726.0,39818.0,44529.0,43397.0,40334.0,27811.0,22856.0,24547.0,23908.0,21618.0,19958.0,20943.0,19480.0,18349.0,16192.0,14569.0,9042.0,7773.0,40387.0,45054.0,45977.0,43263.0,26723.0,21309.0,22048.0,20213.0,16914.0,15739.0,15232.0,14442.0,14155.0,12409.0,10300.0,5846.0,4591.0,80205.0,89583.0,89374.0,83597.0,54534.0,44165.0,46595.0,44121.0,38532.0,35697.0,36175.0,33922.0,32504.0,28601.0,24869.0,14888.0,12364.0,DC12
NORTH WEST,ZA6,BOJANALA,ZA637,2020.0,825340.0,961338.0,1786678.0,83811.0,73880.0,65664.0,61323.0,70785.0,80451.0,83348.0,67247.0,50395.0,39515.0,34369.0,30410.0,26180.0,22771.0,15699.0,10529.0,8963.0,85147.0,73859.0,65790.0,64126.0,78373.0,95892.0,113639.0,92685.0,71051.0,61490.0,47977.0,37503.0,26668.0,20615.0,12405.0,8236.0,5882.0,168958.0,147739.0,131454.0,125449.0,149158.0,176343.0,196987.0,159932.0,121446.0,101005.0,82346.0,67913.0,52848.0,43386.0,28104.0,18765.0,14845.0,DC37
EASTERN CAPE,ZA2,BUFFALO CITY,ZA292,2020.0,394283.0,366557.0,760840.0,33441.0,33528.0,29418.0,30829.0,32213.0,33888.0,36752.0,31704.0,26285.0,22158.0,21001.0,18004.0,13650.0,12288.0,9393.0,5476.0,4255.0,34132.0,34205.0,29275.0,29481.0,29654.0,30440.0,34594.0,31110.0,26020.0,21366.0,17734.0,15341.0,11975.0,8674.0,6484.0,3571.0,2501.0,67573.0,67733.0,58693.0,60310.0,61867.0,64328.0,71346.0,62814.0,52305.0,43524.0,38735.0,33345.0,25625.0,20962.0,15877.0,9047.0,6756.0,BUF
EASTERN CAPE,ZA2,CACADU,ZA210,2020.0,246794.0,244362.0,491156.0,21100.0,22594.0,20565.0,18313.0,18589.0,19771.0,21034.0,19614.0,16501.0,13696.0,12294.0,10964.0,10130.0,8378.0,6384.0,3737.0,3130.0,22102.0,22130.0,20116.0,18291.0,18134.0,19522.0,21838.0,20998.0,18091.0,14601.0,11777.0,10063.0,8526.0,7225.0,5344.0,3361.0,2243.0,43202.0,44724.0,40681.0,36604.0,36723.0,39293.0,42872.0,40612.0,34592.0,28297.0,24071.0,21027.0,18656.0,15603.0,11728.0,7098.0,5373.0,DC10
WESTERN CAPE,ZA1,CAPE WINELANDS,ZA102,2020.0,453750.0,455773.0,909523.0,36554.0,37919.0,39457.0,37401.0,39489.0,38951.0,40107.0,37499.0,33012.0,26388.0,22718.0,19012.0,15830.0,12076.0,8189.0,5197.0,3951.0,37203.0,37735.0,38415.0,36551.0,38841.0,38815.0,41987.0,40409.0,36917.0,29056.0,22207.0,17866.0,14708.0,10907.0,6826.0,4451.0,2879.0,73757.0,75654.0,77872.0,73952.0,78330.0,77766.0,82094.0,77908.0,69929.0,55444.0,44925.0,36878.0,30538.0,22983.0,15015.0,9648.0,6830.0,DC2
LIMPOPO,ZA9,CAPRICORN,ZA935,2020.0,683806.0,611850.0,1295656.0,69289.0,71269.0,71143.0,66593.0,54778.0,52408.0,53224.0,46802.0,36366.0,31263.0,25617.0,23508.0,22734.0,20206.0,16209.0,10829.0,11568.0,69202.0,70954.0,71291.0,67729.0,52692.0,44673.0,46127.0,38921.0,32304.0,26229.0,20360.0,19103.0,16959.0,13545.0,10500.0,6267.0,4994.0,138491.0,142223.0,142434.0,134322.0,107470.0,97081.0,99351.0,85723.0,68670.0,57492.0,45977.0,42611.0,39693.0,33751.0,26709.0,17096.0,16562.0,DC35
WESTERN CAPE,ZA1,CENTRAL KAROO,ZA105,2020.0,38952.0,38630.0,77582.0,3531.0,3968.0,4003.0,2888.0,2541.0,2728.0,3163.0,3037.0,2695.0,2126.0,2014.0,1781.0,1563.0,1182.0,859.0,513.0,360.0,3658.0,3824.0,3837.0,2982.0,2390.0,2520.0,3073.0,3111.0,2925.0,2480.0,2027.0,1694.0,1421.0,1171.0,764.0,467.0,286.0,7189.0,7792.0,7840.0,5870.0,4931.0,5248.0,6236.0,6148.0,5620.0,4606.0,4041.0,3475.0,2984.0,2353.0,1623.0,980.0,646.0,DC5
EASTERN CAPE,ZA2,CHRIS HANI,ZA213,2020.0,392369.0,359848.0,752217.0,38675.0,44436.0,41462.0,36441.0,25624.0,23170.0,24333.0,23337.0,20519.0,18770.0,19633.0,18326.0,17079.0,13588.0,12936.0,7636.0,6404.0,39037.0,45110.0,43228.0,39498.0,24920.0,21733.0,22325.0,21047.0,17173.0,15306.0,14525.0,13740.0,13263.0,10650.0,9053.0,5190.0,4050.0,77712.0,89546.0,84690.0,75939.0,50544.0,44903.0,46658.0,44384.0,37692.0,34076.0,34158.0,32066.0,30342.0,24238.0,21989.0,12826.0,10454.0,DC13
WESTERN CAPE,ZA1,CITY OF CAPE TOWN,ZA191,2020.0,2228850.0,2207563.0,4436413.0,185630.0,174458.0,166346.0,161100.0,187849.0,218197.0,229496.0,190254.0,149402.0,123630.0,108795.0,93922.0,81886.0,63438.0,43824.0,28219.0,22404.0,192967.0,175540.0,163125.0,152218.0,177291.0,210627.0,238645.0,211508.0,167513.0,132202.0,104734.0,83486.0,70251.0,53696.0,35819.0,23203.0,14738.0,378597.0,349998.0,329471.0,313318.0,365140.0,428824.0,468141.0,401762.0,316915.0,255832.0,213529.0,177408.0,152137.0,117134.0,79643.0,51422.0,37142.0,CPT
GAUTENG,ZA7,CITY OF JOHANNESBURG,ZA798,2020.0,2716378.0,2824349.0,5540727.0,231480.0,202744.0,182536.0,176163.0,255277.0,319486.0,333179.0,251674.0,177815.0,135981.0,118133.0,102693.0,82680.0,59472.0,40561.0,25798.0,20706.0,234535.0,202892.0,176203.0,168893.0,245840.0,325729.0,379307.0,309406.0,220072.0,155624.0,116646.0,95526.0,74550.0,52097.0,32303.0,20220.0,14506.0,466015.0,405636.0,358739.0,345056.0,501117.0,645215.0,712486.0,561080.0,397887.0,291605.0,234779.0,198219.0,157230.0,111569.0,72864.0,46018.0,35212.0,JHB
GAUTENG,ZA7,CITY OF TSHWANE,ZA799,2020.0,1793191.0,1834795.0,3627986.0,146384.0,134774.0,123812.0,127002.0,172902.0,189419.0,198616.0,161150.0,121569.0,94871.0,81757.0,69623.0,57546.0,46123.0,30982.0,19826.0,16835.0,147247.0,133923.0,122287.0,122181.0,165580.0,190593.0,218189.0,186964.0,143769.0,106509.0,83561.0,68867.0,53239.0,39725.0,25066.0,16140.0,10955.0,293631.0,268697.0,246099.0,249183.0,338482.0,380012.0,416805.0,348114.0,265338.0,201380.0,165318.0,138490.0,110785.0,85848.0,56048.0,35966.0,27790.0,TSH
NORTH WEST,ZA6,DOCTOR KENNETH KAUNDA,ZA640,2020.0,372238.0,382193.0,754431.0,34577.0,34984.0,32935.0,28469.0,30876.0,31688.0,34526.0,29094.0,23527.0,19726.0,17228.0,15470.0,13034.0,10911.0,7373.0,4571.0,3249.0,35554.0,35985.0,33478.0,29249.0,29400.0,30720.0,35032.0,32959.0,27837.0,23083.0,18873.0,15275.0,12035.0,9840.0,6286.0,4035.0,2552.0,70131.0,70969.0,66413.0,57718.0,60276.0,62408.0,69558.0,62053.0,51364.0,42809.0,36101.0,30745.0,25069.0,20751.0,13659.0,8606.0,5801.0,DC40
NORTH WEST,ZA6,DOCTOR RUTH SEGOMOTSI MOMPATI,ZA639,2020.0,241069.0,232715.0,473784.0,26390.0,28442.0,25486.0,20875.0,16867.0,17259.0,18876.0,16453.0,12551.0,10995.0,9855.0,9512.0,8247.0,7691.0,5040.0,3499.0,3031.0,26919.0,28757.0,25677.0,22000.0,15526.0,14957.0,17078.0,15818.0,12893.0,11266.0,9832.0,8670.0,7675.0,6629.0,4205.0,2834.0,1979.0,53309.0,57199.0,51163.0,42875.0,32393.0,32216.0,35954.0,32271.0,25444.0,22261.0,19687.0,18182.0,15922.0,14320.0,9245.0,6333.0,5010.0,DC39
WESTERN CAPE,ZA1,EDEN,ZA104,2020.0,337379.0,336460.0,673839.0,26339.0,28223.0,28817.0,24316.0,23110.0,27308.0,29575.0,28055.0,23872.0,19089.0,16825.0,15586.0,15095.0,13066.0,8760.0,5312.0,4031.0,27108.0,28397.0,27623.0,23900.0,21724.0,25695.0,30121.0,29644.0,26602.0,21199.0,16932.0,14310.0,13666.0,11932.0,8625.0,5620.0,3362.0,53447.0,56620.0,56440.0,48216.0,44834.0,53003.0,59696.0,57699.0,50474.0,40288.0,33757.0,29896.0,28761.0,24998.0,17385.0,10932.0,7393.0,DC4
MPUMALANGA,ZA8,EHLANZENI,ZA832,2020.0,955904.0,881634.0,1837538.0,96027.0,99554.0,103710.0,93750.0,84642.0,86890.0,85792.0,70773.0,52467.0,40760.0,30933.0,29824.0,24093.0,19535.0,16352.0,10535.0,10267.0,96637.0,98258.0,101891.0,91698.0,78171.0,76128.0,76931.0,64935.0,48496.0,38654.0,27169.0,23790.0,19849.0,14880.0,11582.0,6449.0,6116.0,192664.0,197812.0,205601.0,185448.0,162813.0,163018.0,162723.0,135708.0,100963.0,79414.0,58102.0,53614.0,43942.0,34415.0,27934.0,16984.0,16383.0,DC32
GAUTENG,ZA7,EKURHULENI,ZA797,2020.0,1792986.0,1946667.0,3739653.0,160182.0,143413.0,132603.0,124812.0,162328.0,196615.0,204888.0,161279.0,117678.0,92581.0,79383.0,68041.0,54361.0,40578.0,26371.0,16017.0,11856.0,161178.0,143525.0,130316.0,121246.0,163063.0,213469.0,251547.0,208582.0,153139.0,112614.0,85260.0,69866.0,52979.0,36940.0,22084.0,12941.0,7918.0,321360.0,286938.0,262919.0,246058.0,325391.0,410084.0,456435.0,369861.0,270817.0,205195.0,164643.0,137907.0,107340.0,77518.0,48455.0,28958.0,19774.0,EKU
KWAZULU-NATAL,ZA5,ETHEKWINI,ZA595,2020.0,1813289.0,1774618.0,3587907.0,147660.0,143751.0,148103.0,149840.0,176076.0,187029.0,184347.0,144946.0,107640.0,90534.0,78385.0,71051.0,65680.0,49705.0,33313.0,20172.0,15057.0,149357.0,143885.0,144977.0,143475.0,170083.0,187748.0,195388.0,163352.0,118115.0,89575.0,70382.0,60744.0,53888.0,37770.0,22742.0,13903.0,9234.0,297017.0,287636.0,293080.0,293315.0,346159.0,374777.0,379735.0,308298.0,225755.0,180109.0,148767.0,131795.0,119568.0,87475.0,56055.0,34075.0,24291.0,ETH
FREE STATE,ZA4,FEZILE DABI,ZA420,2020.0,244675.0,249625.0,494300.0,22495.0,23018.0,21511.0,19201.0,18666.0,20112.0,22438.0,18765.0,14745.0,12611.0,11259.0,10722.0,9560.0,7841.0,5431.0,3601.0,2699.0,22597.0,22918.0,21174.0,19295.0,20042.0,21689.0,25191.0,21326.0,17480.0,14061.0,11291.0,9796.0,8214.0,6428.0,3913.0,2523.0,1687.0,45092.0,45936.0,42685.0,38496.0,38708.0,41801.0,47629.0,40091.0,32225.0,26672.0,22550.0,20518.0,17774.0,14269.0,9344.0,6124.0,4386.0,DC20
NORTHERN CAPE,ZA3,FRANCIS BAARD,ZA309,2020.0,213697.0,206883.0,420580.0,19170.0,20413.0,20138.0,17341.0,16297.0,18051.0,20082.0,16591.0,13130.0,10771.0,9861.0,8845.0,7595.0,6232.0,4273.0,2810.0,2097.0,19742.0,20982.0,19848.0,17293.0,15339.0,16631.0,19667.0,16821.0,13974.0,11224.0,9451.0,7683.0,6619.0,4934.0,3183.0,2151.0,1341.0,38912.0,41395.0,39986.0,34634.0,31636.0,34682.0,39749.0,33412.0,27104.0,21995.0,19312.0,16528.0,14214.0,11166.0,7456.0,4961.0,3438.0,DC9
MPUMALANGA,ZA8,GERT SIBANDE,ZA830,2020.0,568413.0,567693.0,1136106.0,56091.0,60305.0,58912.0,52047.0,47384.0,49396.0,47927.0,40377.0,32063.0,27737.0,24169.0,20879.0,17054.0,13300.0,10098.0,5771.0,4903.0,56258.0,59781.0,57304.0,51858.0,47660.0,50800.0,52468.0,44119.0,35122.0,28495.0,23945.0,19990.0,15014.0,10817.0,6731.0,4156.0,3175.0,112349.0,120086.0,116216.0,103905.0,95044.0,100196.0,100395.0,84496.0,67185.0,56232.0,48114.0,40869.0,32068.0,24117.0,16829.0,9927.0,8078.0,DC30
LIMPOPO,ZA9,GREATER SEKHUKHUNE,ZA947,2020.0,602207.0,523126.0,1125333.0,66069.0,67960.0,64715.0,57530.0,46724.0,45777.0,46878.0,38254.0,28721.0,25334.0,20386.0,19611.0,19502.0,21015.0,13838.0,9337.0,10556.0,66422.0,67922.0,64933.0,58388.0,42452.0,36064.0,37411.0,31196.0,24100.0,20139.0,15521.0,14791.0,13457.0,10912.0,9699.0,5029.0,4690.0,132491.0,135882.0,129648.0,115918.0,89176.0,81841.0,84289.0,69450.0,52821.0,45473.0,35907.0,34402.0,32959.0,31927.0,23537.0,14366.0,15246.0,DC47
KWAZULU-NATAL,ZA5,ILEMBI,ZA529,2020.0,329375.0,307424.0,636799.0,34743.0,34149.0,33796.0,31172.0,28373.0,29410.0,28379.0,22370.0,16551.0,14065.0,12011.0,10972.0,11454.0,8408.0,6192.0,3855.0,3475.0,35084.0,34259.0,34231.0,30372.0,25858.0,26947.0,27387.0,23801.0,16519.0,12599.0,9665.0,8677.0,8416.0,5900.0,3930.0,2142.0,1637.0,69827.0,68408.0,68027.0,61544.0,54231.0,56357.0,55766.0,46171.0,33070.0,26664.0,21676.0,19649.0,19870.0,14308.0,10122.0,5997.0,5112.0,DC29
EASTERN CAPE,ZA2,JOE QADI,ZA214,2020.0,177432.0,162041.0,339473.0,17259.0,19753.0,19286.0,16764.0,12693.0,11681.0,12253.0,10931.0,8546.0,7778.0,7877.0,7692.0,7458.0,5930.0,4900.0,3824.0,2807.0,17393.0,19803.0,19906.0,17834.0,12398.0,10279.0,11326.0,10057.0,7735.0,6436.0,5793.0,5720.0,5631.0,4508.0,3365.0,2381.0,1476.0,34652.0,39556.0,39192.0,34598.0,25091.0,21960.0,23579.0,20988.0,16281.0,14214.0,13670.0,13412.0,13089.0,10438.0,8265.0,6205.0,4283.0,DC14
NORTHERN CAPE,ZA3,JOHN TAOLO GAETSEWE,ZA345,2020.0,130170.0,128054.0,258224.0,13020.0,14449.0,13415.0,10989.0,9902.0,11057.0,12458.0,9759.0,6935.0,6049.0,5515.0,4860.0,3957.0,3054.0,2106.0,1483.0,1162.0,13795.0,14430.0,13489.0,10913.0,9541.0,10741.0,12355.0,10035.0,7739.0,6052.0,5242.0,4593.0,3494.0,2501.0,1425.0,1002.0,707.0,26815.0,28879.0,26904.0,21902.0,19443.0,21798.0,24813.0,19794.0,14674.0,12101.0,10757.0,9453.0,7451.0,5555.0,3531.0,2485.0,1869.0,DC45
FREE STATE,ZA4,LEJWELEPUTSWA,ZA418,2020.0,287036.0,287157.0,574193.0,27055.0,27282.0,26238.0,23560.0,23381.0,23731.0,25117.0,21747.0,18278.0,15602.0,13683.0,12145.0,9873.0,7794.0,5423.0,3738.0,2389.0,27027.0,27266.0,25571.0,22928.0,23624.0,23991.0,26517.0,21979.0,19313.0,18781.0,15612.0,11578.0,8557.0,6396.0,3897.0,2620.0,1500.0,54082.0,54548.0,51809.0,46488.0,47005.0,47722.0,51634.0,43726.0,37591.0,34383.0,29295.0,23723.0,18430.0,14190.0,9320.0,6358.0,3889.0,DC18
FREE STATE,ZA4,MANGAUNG,ZA494,2020.0,421460.0,405161.0,826621.0,36492.0,37605.0,34692.0,35194.0,37639.0,36570.0,38490.0,33990.0,27405.0,21686.0,18872.0,17003.0,15230.0,11988.0,8468.0,5752.0,4384.0,36206.0,37443.0,34657.0,34295.0,37350.0,36718.0,41188.0,35063.0,28588.0,21238.0,16820.0,13622.0,11420.0,8826.0,5615.0,3643.0,2469.0,72698.0,75048.0,69349.0,69489.0,74989.0,73288.0,79678.0,69053.0,55993.0,42924.0,35692.0,30625.0,26650.0,20814.0,14083.0,9395.0,6853.0,MAN
LIMPOPO,ZA9,MOPANI,ZA933,2020.0,572324.0,490342.0,1062666.0,59612.0,59201.0,58709.0,55950.0,46515.0,45487.0,47956.0,41057.0,31445.0,26456.0,21695.0,18431.0,15943.0,14775.0,12873.0,8172.0,8047.0,59167.0,57907.0,59210.0,56411.0,43740.0,35082.0,35685.0,31236.0,24942.0,19875.0,15502.0,14224.0,12762.0,9883.0,7479.0,4009.0,3228.0,118779.0,117108.0,117919.0,112361.0,90255.0,80569.0,83641.0,72293.0,56387.0,46331.0,37197.0,32655.0,28705.0,24658.0,20352.0,12181.0,11275.0,DC33
NORTHERN CAPE,ZA3,NAMAKWA,ZA306,2020.0,56994.0,60093.0,117087.0,4050.0,4750.0,5265.0,4220.0,3544.0,3964.0,4634.0,4490.0,4130.0,3530.0,3109.0,2935.0,2632.0,2464.0,1513.0,966.0,798.0,4343.0,5222.0,5401.0,4665.0,3555.0,4001.0,4914.0,5064.0,4791.0,4144.0,3336.0,2989.0,2538.0,2200.0,1451.0,873.0,606.0,8393.0,9972.0,10666.0,8885.0,7099.0,7965.0,9548.0,9554.0,8921.0,7674.0,6445.0,5924.0,5170.0,4664.0,2964.0,1839.0,1404.0,DC6
EASTERN CAPE,ZA2,NELSON MANDELA BAY,ZA293,2020.0,630300.0,600191.0,1230491.0,50411.0,52780.0,48015.0,47920.0,51146.0,53305.0,57529.0,51288.0,43227.0,36006.0,34261.0,29979.0,25716.0,19831.0,13797.0,8708.0,6381.0,51285.0,53675.0,47173.0,46496.0,47394.0,49523.0,55317.0,52542.0,44774.0,36801.0,30886.0,26340.0,21471.0,15731.0,10152.0,6686.0,3945.0,101696.0,106455.0,95188.0,94416.0,98540.0,102828.0,112846.0,103830.0,88001.0,72807.0,65147.0,56319.0,47187.0,35562.0,23949.0,15394.0,10326.0,NMA
NORTH WEST,ZA6,NGAKA MODIRI MOLEMA,ZA638,2020.0,438554.0,432417.0,870971.0,45496.0,47112.0,46634.0,38674.0,33016.0,32545.0,34617.0,31789.0,24945.0,20673.0,18481.0,17019.0,14527.0,13149.0,8899.0,5785.0,5193.0,46964.0,48155.0,47516.0,39730.0,32062.0,30345.0,34535.0,31020.0,26461.0,21670.0,18589.0,15661.0,13087.0,11188.0,7319.0,4640.0,3475.0,92460.0,95267.0,94150.0,78404.0,65078.0,62890.0,69152.0,62809.0,51406.0,42343.0,37070.0,32680.0,27614.0,24337.0,16218.0,10425.0,8668.0,DC38
MPUMALANGA,ZA8,NKANGALA,ZA831,2020.0,769732.0,804105.0,1573837.0,72940.0,72399.0,70101.0,64991.0,64050.0,69492.0,70868.0,60217.0,46333.0,39039.0,33312.0,29885.0,25540.0,20164.0,14171.0,8330.0,7900.0,72392.0,72413.0,69266.0,64613.0,68171.0,76458.0,81466.0,69673.0,55170.0,45074.0,36819.0,31079.0,24079.0,16592.0,10330.0,5864.0,4646.0,145332.0,144812.0,139367.0,129604.0,132221.0,145950.0,152334.0,129890.0,101503.0,84113.0,70131.0,60964.0,49619.0,36756.0,24501.0,14194.0,12546.0,DC31
EASTERN CAPE,ZA2,O.R. TAMBO,ZA215,2020.0,730539.0,628139.0,1358678.0,79611.0,90989.0,92017.0,84100.0,55935.0,47734.0,49335.0,42449.0,33360.0,27930.0,26974.0,23638.0,22556.0,16909.0,16740.0,11192.0,9070.0,80406.0,90724.0,93482.0,84481.0,49673.0,37879.0,36766.0,30602.0,22803.0,19609.0,17931.0,16008.0,15182.0,11419.0,10013.0,6225.0,4936.0,160017.0,181713.0,185499.0,168581.0,105608.0,85613.0,86101.0,73051.0,56163.0,47539.0,44905.0,39646.0,37738.0,28328.0,26753.0,17417.0,14006.0,DC15
WESTERN CAPE,ZA1,OVERBERG,ZA103,2020.0,148367.0,155090.0,303457.0,11379.0,11506.0,11906.0,10244.0,10159.0,12940.0,13321.0,12111.0,10306.0,8166.0,7294.0,6579.0,7057.0,6328.0,4443.0,2574.0,2054.0,11377.0,11654.0,11477.0,9791.0,10451.0,13550.0,14904.0,14075.0,12413.0,9790.0,7695.0,6437.0,6680.0,6122.0,4199.0,2887.0,1588.0,22756.0,23160.0,23383.0,20035.0,20610.0,26490.0,28225.0,26186.0,22719.0,17956.0,14989.0,13016.0,13737.0,12450.0,8642.0,5461.0,3642.0,DC3
NORTHERN CAPE,ZA3,PIXLEY KA SEME,ZA307,2020.0,97933.0,98398.0,196331.0,9103.0,10657.0,10286.0,7800.0,6639.0,7115.0,7911.0,6768.0,6006.0,5098.0,4679.0,4428.0,3894.0,3095.0,2116.0,1313.0,1025.0,9204.0,10617.0,10225.0,8014.0,6409.0,7088.0,8209.0,7628.0,6785.0,5646.0,4592.0,4096.0,3555.0,2849.0,1674.0,1133.0,674.0,18307.0,21274.0,20511.0,15814.0,13048.0,14203.0,16120.0,14396.0,12791.0,10744.0,9271.0,8524.0,7449.0,5944.0,3790.0,2446.0,1699.0,DC7
GAUTENG,ZA7,SEDIBENG,ZA742,2020.0,491615.0,503382.0,994997.0,42048.0,41055.0,38840.0,38686.0,42369.0,43290.0,48360.0,40534.0,31979.0,27032.0,24412.0,21987.0,18392.0,13892.0,9285.0,5594.0,3860.0,41629.0,40510.0,38631.0,37016.0,42100.0,45681.0,53003.0,47118.0,37286.0,29548.0,24654.0,21177.0,17279.0,12698.0,7737.0,4635.0,2680.0,83677.0,81565.0,77471.0,75702.0,84469.0,88971.0,101363.0,87652.0,69265.0,56580.0,49066.0,43164.0,35671.0,26590.0,17022.0,10229.0,6540.0,DC42
KWAZULU-NATAL,ZA5,SISONKE,ZA543,2020.0,238255.0,208862.0,447117.0,26770.0,28379.0,27941.0,24625.0,18878.0,17587.0,17472.0,14073.0,11467.0,9728.0,8640.0,8391.0,7776.0,6341.0,4343.0,3158.0,2686.0,27218.0,28461.0,27975.0,24350.0,16093.0,14250.0,14372.0,12654.0,9244.0,7793.0,6561.0,5717.0,5503.0,3807.0,2327.0,1438.0,1099.0,53988.0,56840.0,55916.0,48975.0,34971.0,31837.0,31844.0,26727.0,20711.0,17521.0,15201.0,14108.0,13279.0,10148.0,6670.0,4596.0,3785.0,DC43
NORTHERN CAPE,ZA3,SIYANDA,ZA308,2020.0,125805.0,133193.0,258998.0,10923.0,12300.0,12324.0,10519.0,10109.0,10466.0,11594.0,9770.0,7994.0,6509.0,5625.0,4845.0,4406.0,3416.0,2373.0,1536.0,1096.0,11115.0,12312.0,12514.0,11018.0,10828.0,11593.0,13545.0,11456.0,9571.0,7529.0,6031.0,4754.0,3863.0,2879.0,2010.0,1352.0,823.0,22038.0,24612.0,24838.0,21537.0,20937.0,22059.0,25139.0,21226.0,17565.0,14038.0,11656.0,9599.0,8269.0,6295.0,4383.0,2888.0,1919.0,DC8
FREE STATE,ZA4,THABO MOFUTSANYANE,ZA419,2020.0,351109.0,311720.0,662829.0,33163.0,36626.0,33941.0,30651.0,27617.0,28255.0,30207.0,24918.0,20184.0,17031.0,15126.0,14624.0,12752.0,9940.0,7099.0,5046.0,3929.0,32924.0,36310.0,33463.0,30758.0,25127.0,23950.0,26251.0,22491.0,18015.0,14883.0,11895.0,10543.0,9111.0,6923.0,4263.0,2843.0,1970.0,66087.0,72936.0,67404.0,61409.0,52744.0,52205.0,56458.0,47409.0,38199.0,31914.0,27021.0,25167.0,21863.0,16863.0,11362.0,7889.0,5899.0,DC19
KWAZULU-NATAL,ZA5,UGO,ZA521,2020.0,375634.0,338385.0,714019.0,37290.0,38190.0,38687.0,36177.0,29179.0,29947.0,29289.0,23961.0,18581.0,17151.0,15273.0,13697.0,14598.0,12630.0,9661.0,6207.0,5116.0,37774.0,38705.0,38716.0,35773.0,26828.0,26356.0,25452.0,22655.0,16447.0,14484.0,11593.0,10976.0,11207.0,8327.0,6447.0,3858.0,2787.0,75064.0,76895.0,77403.0,71950.0,56007.0,56303.0,54741.0,46616.0,35028.0,31635.0,26866.0,24673.0,25805.0,20957.0,16108.0,10065.0,7903.0,DC21
KWAZULU-NATAL,ZA5,UMGUNGUNDLOVU,ZA522,2020.0,541918.0,504987.0,1046905.0,45778.0,48176.0,49533.0,47503.0,47858.0,49321.0,49865.0,42533.0,31082.0,25877.0,22223.0,22006.0,20899.0,15097.0,10844.0,7063.0,6260.0,46590.0,48517.0,49135.0,47178.0,45488.0,46114.0,48639.0,44189.0,31357.0,23223.0,18001.0,16634.0,15022.0,10417.0,6773.0,4389.0,3321.0,92368.0,96693.0,98668.0,94681.0,93346.0,95435.0,98504.0,86722.0,62439.0,49100.0,40224.0,38640.0,35921.0,25514.0,17617.0,11452.0,9581.0,DC22
KWAZULU-NATAL,ZA5,UMHLABUYALINGANA,ZA527,2020.0,345959.0,297359.0,643318.0,40722.0,42987.0,44473.0,37615.0,29246.0,27484.0,26149.0,19931.0,15518.0,12782.0,11238.0,8929.0,8256.0,6370.0,6051.0,4134.0,4074.0,41401.0,43445.0,44411.0,37433.0,23597.0,18914.0,18047.0,15534.0,11757.0,9984.0,8060.0,6758.0,5905.0,4209.0,3695.0,1990.0,2219.0,82123.0,86432.0,88884.0,75048.0,52843.0,46398.0,44196.0,35465.0,27275.0,22766.0,19298.0,15687.0,14161.0,10579.0,9746.0,6124.0,6293.0,DC27
KWAZULU-NATAL,ZA5,UMZINYATHI,ZA524,2020.0,282209.0,232252.0,514461.0,32307.0,34669.0,34738.0,29450.0,21336.0,20282.0,19924.0,15976.0,12388.0,11610.0,9591.0,9866.0,9553.0,7581.0,5698.0,3364.0,3876.0,31910.0,34698.0,35009.0,28943.0,16115.0,13634.0,13776.0,12237.0,9428.0,8015.0,6214.0,6335.0,5963.0,4402.0,2751.0,1470.0,1352.0,64217.0,69367.0,69747.0,58393.0,37451.0,33916.0,33700.0,28213.0,21816.0,19625.0,15805.0,16201.0,15516.0,11983.0,8449.0,4834.0,5228.0,DC24
KWAZULU-NATAL,ZA5,UTHUKELA,ZA523,2020.0,347126.0,305156.0,652282.0,37916.0,39993.0,39583.0,33448.0,27306.0,28268.0,27675.0,21444.0,16478.0,14489.0,12842.0,12513.0,12459.0,8710.0,6431.0,3979.0,3592.0,38237.0,39884.0,39302.0,32919.0,23285.0,22736.0,23075.0,20158.0,14671.0,12155.0,9537.0,8967.0,8099.0,4938.0,3659.0,1954.0,1580.0,76153.0,79877.0,78885.0,66367.0,50591.0,51004.0,50750.0,41602.0,31149.0,26644.0,22379.0,21480.0,20558.0,13648.0,10090.0,5933.0,5172.0,DC23
KWAZULU-NATAL,ZA5,UTHUNGULU,ZA528,2020.0,466112.0,423364.0,889476.0,49103.0,50510.0,51881.0,47503.0,42746.0,41975.0,39110.0,29183.0,21392.0,18993.0,17045.0,14344.0,14116.0,9453.0,8289.0,5325.0,5144.0,48621.0,50606.0,51573.0,45864.0,36135.0,35213.0,34990.0,29869.0,20908.0,16766.0,13639.0,12146.0,10327.0,6997.0,4737.0,2521.0,2452.0,97724.0,101116.0,103454.0,93367.0,78881.0,77188.0,74100.0,59052.0,42300.0,35759.0,30684.0,26490.0,24443.0,16450.0,13026.0,7846.0,7596.0,DC28
LIMPOPO,ZA9,VHEMBE,ZA934,2020.0,715896.0,609193.0,1325089.0,73802.0,76488.0,76517.0,71498.0,56462.0,53936.0,59282.0,51070.0,37400.0,31156.0,27180.0,22669.0,19595.0,17449.0,13364.0,13414.0,14614.0,74244.0,76095.0,77872.0,73744.0,53439.0,42355.0,43543.0,36596.0,29478.0,23929.0,17798.0,15359.0,13671.0,11045.0,8971.0,5487.0,5567.0,148046.0,152583.0,154389.0,145242.0,109901.0,96291.0,102825.0,87666.0,66878.0,55085.0,44978.0,38028.0,33266.0,28494.0,22335.0,18901.0,20181.0,DC34
LIMPOPO,ZA9,WATERBERG,ZA936,2020.0,349272.0,369241.0,718513.0,35742.0,34415.0,33241.0,29580.0,29058.0,30465.0,30581.0,26430.0,19342.0,16544.0,13566.0,12335.0,10947.0,9623.0,7909.0,5044.0,4450.0,35567.0,34380.0,32934.0,31217.0,32009.0,35374.0,37911.0,30718.0,22618.0,19298.0,15283.0,12231.0,9889.0,7556.0,5979.0,3517.0,2760.0,71309.0,68795.0,66175.0,60797.0,61067.0,65839.0,68492.0,57148.0,41960.0,35842.0,28849.0,24566.0,20836.0,17179.0,13888.0,8561.0,7210.0,DC36
WESTERN CAPE,ZA1,WEST COAST,ZA101,2020.0,245723.0,251762.0,497485.0,19732.0,20600.0,20710.0,18300.0,19571.0,21400.0,22138.0,20587.0,17935.0,14224.0,12450.0,10655.0,9298.0,7508.0,5016.0,3213.0,2386.0,20223.0,20415.0,20037.0,17599.0,18630.0,20822.0,23060.0,22760.0,21268.0,16758.0,13254.0,10914.0,9262.0,7357.0,4678.0,3094.0,1631.0,39955.0,41015.0,40747.0,35899.0,38201.0,42222.0,45198.0,43347.0,39203.0,30982.0,25704.0,21569.0,18560.0,14865.0,9694.0,6307.0,4017.0,DC1
GAUTENG,ZA7,WEST RAND,ZA748,2020.0,403715.0,453089.0,856804.0,35080.0,33245.0,31588.0,28896.0,34323.0,40799.0,44060.0,35842.0,28125.0,22852.0,19285.0,15790.0,12127.0,9149.0,6093.0,3660.0,2801.0,35091.0,32726.0,30662.0,28108.0,37795.0,44901.0,52720.0,46239.0,37619.0,32141.0,25277.0,18271.0,12400.0,8579.0,5341.0,3192.0,2027.0,70171.0,65971.0,62250.0,57004.0,72118.0,85700.0,96780.0,82081.0,65744.0,54993.0,44562.0,34061.0,24527.0,17728.0,11434.0,6852.0,4828.0,DC48
FREE STATE,ZA4,XHARIEP,ZA416,2020.0,52825.0,52934.0,105759.0,5033.0,5621.0,5020.0,4291.0,3922.0,3987.0,4331.0,3943.0,3184.0,2584.0,2299.0,2236.0,2101.0,1550.0,1275.0,830.0,618.0,5042.0,5513.0,4986.0,4297.0,4072.0,4274.0,4837.0,4153.0,3481.0,2789.0,2270.0,2022.0,1825.0,1383.0,984.0,602.0,404.0,10075.0,11134.0,10006.0,8588.0,7994.0,8261.0,9168.0,8096.0,6665.0,5373.0,4569.0,4258.0,3926.0,2933.0,2259.0,1432.0,1022.0,DC16
KWAZULU-NATAL,ZA5,ZULULAND,ZA526,2020.0,419221.0,364575.0,783796.0,48805.0,52544.0,53194.0,44543.0,34985.0,32616.0,29526.0,22448.0,17673.0,16228.0,14426.0,13825.0,11958.0,8583.0,7820.0,5084.0,4963.0,47966.0,52089.0,53040.0,45061.0,28982.0,24544.0,23040.0,19415.0,14404.0,11962.0,10646.0,9696.0,8412.0,5855.0,4549.0,2577.0,2337.0,96771.0,104633.0,106234.0,89604.0,63967.0,57160.0,52566.0,41863.0,32077.0,28190.0,25072.0,23521.0,20370.0,14438.0,12369.0,7661.0,7300.0,DC26
